joining_date,job_title,required_experience,Overall_Satisfication,Working_model,Considering_Job_Switching_in_Future,Main_Reasons,Salary
12/10/2023,Junior Software Developer(Backend),0 years,Satisfied,On Site,No,I am happy with my work role,19000
03/01/2022,Data Scientist,2.5 years,Satisfied,Remote,Yes,Better salary/benefits,50000
02/06/2022,Data Scientist,2.5 years,Satisfied,On Site,Yes,"Career Development, Salary and Benefits",115000
01/03/2021,Senior Software Engineer(Backend),2.5 years,Very satisfied,On Site,No,I am happy with my work role,100000
03/08/2021,Software Developer(Backend),2.5 years,Satisfied,On Site,Yes,Seeking better work-life balance,47000
02/07/2021,Game Developer,2.5 years,Satisfied,Hybrid,Yes,Better salary/benefits,90000
04/03/2022,IT Support Engineer,1.7 years,Dissatisfied,On Site,Yes,"Career Development, Salary and Benefits",20000
05/07/2022,Software Developer(Backend),2.5 years,Neutral,On Site,Yes,Better salary/benefits,47000
10/04/2023,Software Developer(Frontend),1.7 years,Satisfied,On Site,Yes,Seeking better work-life balance,45000
05/05/2021,Software Developer(Frontend),2.5 years,Satisfied,On Site,Yes,Better salary/benefits,50000
04/04/2021,Senior Software Developer(Frontend),2.5 years,Neutral,On Site,Yes,"Career Development, Salary and Benefits",70000
08/08/2023,Junior Software Developer(Backend),1.7 years,Satisfied,On Site,Yes,Career advancement opportunities,52250
09/06/2022,Game Developer,2.5 years,Satisfied,On Site,Yes,Seeking better work-life balance,50000
11/02/2021,Software Developer(Backend),2.5 years,Satisfied,On Site,Yes,"Career Development, Salary and Benefits",43000
06/04/2020,Database Administrator (DBA),3.5 years,Satisfied,On Site,Yes,Better salary/benefits,100000
01/05/2020,Data Analyst,3.5 years,Satisfied,On Site,Yes,Better salary/benefits,50000
04/14/2022,Junior Software Developer(Backend),2.5 years,Neutral,On Site,Yes,Career advancement opportunities,45000
01/02/2023,Software Quality Assurance Engineer,1.7 years,Neutral,On Site,Yes,"Career Development, Salary and Benefits",35000
03/08/2023,Software Quality Assurance Engineer,1.7 years,Satisfied,On Site,Yes,Relocation/move to a different city,52000
09/06/2020,Full Stack Developer,3.5 years,Satisfied,Remote,Yes,Better salary/benefits,60000
07/03/2022,DevOps Engineer,2.5 years,Satisfied,Remote,Yes,Career advancement opportunities,100000
01/04/2021,Full Stack Developer,4.5 years,Satisfied,On Site,Yes,Career advancement opportunities,100000
10/02/2022,Software Developer(Frontend),2.5 years,Satisfied,On Site,Yes,Better salary/benefits,30000
02/04/2024,Kernel Developer,0 years,Neutral,On Site,Yes,"Career Development, Salary and Benefits",5000
02/01/2022,DevOps Engineer,2.5 years,Satisfied,On Site,Yes,Better salary/benefits,100000
11/08/2023,Software Developer(Backend),1.7 years,Neutral,On Site,Yes,Better salary/benefits,40000
12/03/2024,Data Scientist,0 years,Neutral,On Site,Yes,Career advancement opportunities,20500
11/06/2023,Software Developer(Backend),1.7 years,Neutral,On Site,Yes,Better salary/benefits,30000
06/09/2021,Cloud Engineer,3.5 years,Satisfied,On Site,Yes,Seeking better work-life balance,72000
04/05/2022,Web Developer,2.5 years,Satisfied,On Site,Yes,Better salary/benefits,45000
03/07/2023,Web Developer,1.7 years,Satisfied,On Site,Yes,"Career Development, Salary and Benefits",45000
09/10/2023,Web Developer,1.7 years,Satisfied,On Site,Yes,"Career Development, Salary and Benefits",45000
04/04/2021,Software Engineer(Backend),3.5 years,Satisfied,On Site,Yes,Better salary/benefits,80000
07/03/2023,Web Developer,1.7 years,Neutral,On Site,Yes,"Career Development, Salary and Benefits",42000
02/09/2023,Full Stack Developer,1.7 years,Neutral,Remote,Yes,Seeking better work-life balance,65000
05/24/2020,Software Developer(Frontend),3.5 years,Satisfied,On Site,Yes,Career advancement opportunities,90000
06/08/2022,Full Stack Developer,2.5 years,Satisfied,On Site,Yes,Better salary/benefits,60000
11/01/2023,Technical Project Manager,1.7 years,Neutral,On Site,Yes,Better salary/benefits,45000
04/03/2024,Junior Software Developer(Backend),0 years,Neutral,On Site,Yes,"Career Development, Salary and Benefits",15000
06/02/2024,Software Engineer(Backend),0 years,Very satisfied,On Site,No,I am happy with my work role,41000
01/01/2023,Photonics Engineer,1.7 years,Neutral,On Site,Yes,Better salary/benefits,47000
03/07/2023,Software Quality Engineer,1.7 years,Neutral,On Site,Yes,Relocation/move to a different city,42500
07/09/2023,Software Developer(Backend),1.7 years,Neutral,Remote,Yes,Better salary/benefits,42500
08/06/2023,EEE Engineer,1.7 years,Neutral,On Site,Yes,Better salary/benefits,42000
02/06/2024,Software Quality Assurance Engineer,0 years,Neutral,On Site,Yes,"Career Development, Salary and Benefits",23000
02/01/2022,Software Engineer,2.5 years,Neutral,On Site,Yes,Better salary/benefits,75000
04/08/2018,Software Engineer,5.5 years,Very satisfied,Remote,No,I am happy with my work role,190000
11/12/2020,Software Engineer,4.5 years,Satisfied,Remote,Yes,Better salary/benefits,145000
01/11/2022,Graphic Designer,1.7 years,Neutral,Remote,No,I am happy with my work role,37000
03/05/2023,Web Developer,0 years,Neutral,On Site,Yes,"Career Development, Salary and Benefits",18500
04/04/2023,Web Developer,0 years,Neutral,On Site,Yes,"Career Development, Salary and Benefits",20000
01/12/2022,Graphic Designer,1.7 years,Neutral,On Site,Yes,Better salary/benefits,24000
05/09/2023,Digital Marketing,0 years,Neutral,On Site,Yes,"Career Development, Salary and Benefits",7000
05/09/2023,Junior Software Developer(Backend),0 years,Neutral,On Site,Yes,Career advancement opportunities,15000
06/16/2022,Software Developer(Backend),1.7 years,Neutral,On Site,Yes,Better salary/benefits,60000
08/07/2022,Software Quality Assurance Engineer,0 years,Neutral,On Site,Yes,Better salary/benefits,15000
12/03/2023,Web Developer,2.5 years,Neutral,On Site,Yes,"Career Development, Salary and Benefits",55000
12/05/2021,Web Developer,3.5 years,Neutral,Remote,Yes,Better salary/benefits,100000
09/05/2023,Software Engineer(Backend),1.7 years,Neutral,On Site,Yes,Career advancement opportunities,42500
11/08/2023,Software Developer(Backend),0 years,Neutral,On Site,Yes,"Career Development, Salary and Benefits",10000
11/06/2022,Senior Software Engineer(Backend),1.7 years,Neutral,Remote,Yes,Seeking better work-life balance,65000
02/02/2021,Software Engineer(Backend),1.7 years,Neutral,On Site,Yes,Better salary/benefits,37500
04/05/2022,Full Stack Developer,1.7 years,Neutral,On Site,Yes,"Career Development, Salary and Benefits",30000
06/05/2023,Full Stack Developer,2.5 years,Satisfied,Remote,Yes,Career advancement opportunities,80000
07/04/2022,Web Developer,1.7 years,Satisfied,On Site,Yes,Relocation/move to a different city,45000
03/08/2023,Software Developer(Backend),1.7 years,Satisfied,On Site,Yes,Better salary/benefits,50000
09/07/2023,Software Quality Assurance Engineer,0 years,Neutral,On Site,Yes,"Career Development, Salary and Benefits",12000
08/02/2022,Full Stack Developer,3.5 years,Neutral,On Site,Yes,Better salary/benefits,50000
04/09/2023,Full Stack Developer,1.7 years,Neutral,On Site,Yes,Better salary/benefits,27000
06/08/2022,Senior Software Developer(Backend),1.7 years,Neutral,Remote,Yes,Better salary/benefits,40000
06/09/2022,Senior Software Developer(Backend),3.5 years,Satisfied,Remote,Yes,Career advancement opportunities,70000
07/04/2021,Database Administrator (DBA),3.5 years,Satisfied,On Site,Yes,Better salary/benefits,150000
07/04/2022,Senior Software Developer(Backend),4.5 years,Satisfied,On Site,Yes,"Career Development, Salary and Benefits",145000
05/04/2021,Web Developer,3.5 years,Satisfied,On Site,Yes,Better salary/benefits,75000
04/06/2022,Web Developer,2.5 years,Neutral,On Site,Yes,"Career Development, Salary and Benefits",100000
02/01/2023,Graphic Designer,1.7 years,Satisfied,On Site,Yes,Better salary/benefits,42500
11/08/2022,DevOps Engineer,1.7 years,Dissatisfied,Remote,Yes,Better salary/benefits,30000
09/07/2022,Digital Marketing,1.7 years,Satisfied,On Site,Yes,Better salary/benefits,32000
08/07/2023,Digital Marketing,1.7 years,Satisfied,On Site,Yes,"Career Development, Salary and Benefits",80000
07/04/2022,Web Developer,3.5 years,Satisfied,On Site,Yes,Better salary/benefits,100000
04/05/2023,Senior Software Developer(Backend),3.5 years,Satisfied,On Site,Yes,Relocation/move to a different city,55000
01/02/2022,Senior Software Developer(Frontend),4.5 years,Satisfied,On Site,Yes,Better salary/benefits,60000
11/08/2021,Senior Software Developer(Frontend),4.5 years,Satisfied,On Site,Yes,Better salary/benefits,80000
10/10/2022,Digital Marketing,1.7 years,Satisfied,Remote,No,I am happy with my work role,35000
08/06/2023,Digital Marketing,1.7 years,Satisfied,Remote,No,I am happy with my work role,34000
02/02/2022,Software Quality Assurance Engineer,1.7 years,Satisfied,On Site,Yes,Better salary/benefits,32000
08/08/2023,Digital Marketing,1.7 years,Satisfied,On Site,Yes,Better salary/benefits,30000
12/06/2020,Software Engineer (Frontend),4.5 years,Very satisfied,Remote,No,I am happy with my work role,125000
12/02/2021,Software Developer(Backend),3.5 years,Satisfied,Remote,Yes,"Career Development, Salary and Benefits",100000
01/03/2021,Artificial Intelligence (AI) Engineer,4.5 years,Satisfied,Remote,Yes,Better salary/benefits,175000
03/09/2022,Database Administrator (DBA),3.5 years,Satisfied,Remote,Yes,Better salary/benefits,125000
10/10/2022,Software Engineer(Backend),3.5 years,Satisfied,Remote,Yes,Better salary/benefits,100000
05/09/2021,Software Engineer(Backend),6.5 years,Satisfied,Remote,No,I am happy with my work role,170000
09/05/2022,Software Engineer(Backend),3.5 years,Satisfied,Remote,Yes,Seeking better work-life balance,100000
11/09/2021,DevOps Engineer,5.5 years,Satisfied,Remote,Yes,Better salary/benefits,165000
01/11/2022,Software Quality Assurance Engineer,5.5 years,Neutral,On Site,Yes,Better salary/benefits,135000
01/02/2023,Software Engineer(Backend),1.7 years,Satisfied,On Site,Yes,Better salary/benefits,40000
01/01/2023,Software Engineer(Backend),3.5 years,Satisfied,On Site,Yes,Career advancement opportunities,70000
01/01/2022,Software Developer(Frontend),1.7 years,Satisfied,On Site,Yes,Better salary/benefits,55000
01/01/2023,Web Developer,0 years,Satisfied,Remote,Yes,Career advancement opportunities,15000
01/01/2022,Software Quality Assurance Engineer,3.5 years,Satisfied,On Site,Yes,Better salary/benefits,80000
01/01/2022,Software Developer(Backend),3.5 years,Satisfied,On Site,Yes,Better salary/benefits,80000
01/02/2021,Web Developer,0 years,Neutral,On Site,Yes,"Career Development, Salary and Benefits",15000
01/02/2024,Web Developer,0 years,Satisfied,On Site,Yes,"Career Development, Salary and Benefits",20000
01/02/2023,Software Quality Assurance Engineer,1.7 years,Dissatisfied,On Site,Yes,Better salary/benefits,30000
01/02/2022,Software Engineer(Backend),1.7 years,Satisfied,Remote,No,I am happy with my work role,50000
01/02/2023,Software Developer(Frontend),0 years,Satisfied,Remote,No,I am happy with my work role,10000
02/01/2022,Junior Software Developer(Backend),1.7 years,Satisfied,On Site,Yes,"Career Development, Salary and Benefits",40000
01/02/2022,Senior Software Developer(Backend),4.5 years,Satisfied,Remote,Yes,Better salary/benefits,125000
01/02/2021,Artificial Intelligence (AI) Engineer,3.5 years,Satisfied,On Site,Yes,"Career Development, Salary and Benefits",75000
01/02/2022,Software Developer(Backend),1.7 years,Satisfied,On Site,Yes,Better salary/benefits,60000
01/02/2023,Software Engineer(Backend),0 years,Neutral,On Site,No,I am happy with my work role,10000
01/01/2023,Software Engineer(Backend),0 years,Neutral,On Site,No,I am happy with my work role,7000
01/02/2022,Software Engineer(Backend),1.7 years,Satisfied,On Site,Yes,Better salary/benefits,25000
01/01/2022,Software Engineer(Backend),3.5 years,Satisfied,Remote,Yes,"Career Development, Salary and Benefits",100000
01/02/2021,Software Engineer,4.5 years,Satisfied,On Site,Yes,Better salary/benefits,100000
02/02/2023,Software Developer(Frontend),1.7 years,Neutral,On Site,Yes,Better salary/benefits,30000
01/02/2022,Web Developer,1.7 years,Satisfied,On Site,Yes,"Career Development, Salary and Benefits",60000
01/02/2023,Software Developer(Frontend),0 years,Satisfied,On Site,Yes,Better salary/benefits,26000
01/02/2024,Software Developer(Frontend),0 years,Satisfied,On Site,Yes,Career advancement opportunities,20000
01/02/2023,Cloud Engineer,1.7 years,Satisfied,On Site,Yes,Better salary/benefits,38000
01/01/2022,Digital Marketing,1.7 years,Satisfied,On Site,Yes,Better salary/benefits,40000
01/02/2022,Web Developer,1.7 years,Satisfied,Remote,Yes,Better salary/benefits,35000
02/01/2022,Web Developer,1.7 years,Satisfied,Remote,Yes,"Career Development, Salary and Benefits",38000
02/01/2022,Junior Software Developer(Backend),1.7 years,Satisfied,On Site,Yes,Better salary/benefits,80000
01/01/2023,Software Developer(Frontend),1.7 years,Satisfied,On Site,Yes,"Career Development, Salary and Benefits",50000
01/02/2022,Full Stack Developer,1.7 years,Satisfied,Remote,Yes,Better salary/benefits,60000
01/02/2023,Web Developer,3.5 years,Satisfied,Remote,No,I am happy with my work role,90000
01/02/2022,Senior Software Engineer(Backend),2.5 years,Satisfied,On Site,No,I am happy with my work role,80000
01/02/2023,Software Developer(Frontend),2.5 years,Satisfied,On Site,No,I am happy with my work role,70000
01/02/2020,Cloud Engineer,1.7 years,Satisfied,On Site,Yes,Better salary/benefits,35000
01/01/2020,Digital Marketing,1.7 years,Satisfied,On Site,Yes,Better salary/benefits,40000
01/02/2022,Software Quality Assurance Engineer,2.5 years,Satisfied,On Site,Yes,"Career Development, Salary and Benefits",42000
01/02/2023,Senior Software Developer(Backend),1.7 years,Satisfied,On Site,Yes,"Career Development, Salary and Benefits",80000
01/02/2022,Senior Software Developer(Frontend),6.5 years,Satisfied,On Site,No,I am happy with my work role,155000
01/02/2022,Web Developer,1.7 years,Satisfied,Remote,Yes,Better salary/benefits,50000
01/03/2023,Software Developer(Frontend),1.7 years,Satisfied,Remote,Yes,Better salary/benefits,60000
01/01/2023,DevOps Engineer,1.7 years,Satisfied,Remote,Yes,Relocation/move to a different city,100000
01/02/2022,Software Developer(Frontend),1.7 years,Neutral,On Site,Yes,Better salary/benefits,35000
01/01/2022,Artificial Intelligence (AI) Engineer,3.5 years,Satisfied,On Site,No,I am happy with my work role,170000
01/01/2022,Artificial Intelligence (AI) Engineer,1.7 years,Satisfied,On Site,Yes,Better salary/benefits,60000
01/02/2022,Software Engineer(Backend),4.5 years,Dissatisfied,On Site,Yes,Better salary/benefits,75000
01/02/2023,Software Engineer(Backend),1.7 years,Satisfied,Hybrid,Yes,"Career Development, Salary and Benefits",100000
01/02/2021,Full Stack Developer,2.5 years,Satisfied,On Site,Yes,Better salary/benefits,40000
01/02/2022,Web Developer,0 years,Neutral,On Site,No,I am happy with my work role,15000
01/02/2022,Software Developer(Frontend),2.5 years,Satisfied,Remote,Yes,Better salary/benefits,72000
02/01/2022,Software Developer(Frontend),2.5 years,Satisfied,On Site,Yes,Better salary/benefits,48000
01/02/2023,Software Engineer(Backend),2.5 years,Satisfied,On Site,Yes,Better salary/benefits,40000
01/02/2022,Software Developer(Frontend),1.7 years,Satisfied,On Site,Yes,Career advancement opportunities,30000
01/01/2020,Senior Software Engineer(Backend),5.5 years,Satisfied,On Site,Yes,Better salary/benefits,110000
01/02/2022,Junior Software Developer(Backend),1.7 years,Neutral,On Site,Yes,Better salary/benefits,25000
01/02/2022,Digital Marketing,2.5 years,Satisfied,On Site,Yes,Better salary/benefits,37000
01/02/2022,DevOps Engineer,1.7 years,Satisfied,Remote,No,I am happy with my work role,90000
01/02/2023,Software Developer(Frontend),1.7 years,Satisfied,On Site,No,I am happy with my work role,70000
01/02/2023,Software Developer(Backend),3.5 years,Satisfied,On Site,Yes,Better salary/benefits,70000
01/02/2022,Software Developer(Backend),1.7 years,Neutral,On Site,Yes,Better salary/benefits,50000
01/02/2021,Senior Software Developer(Backend),2.5 years,Neutral,On Site,Yes,Better salary/benefits,45000
01/01/2023,Envato Specialist,2.5 years,Satisfied,On Site,No,I am happy with my work role,60000
01/01/2023,Graphic Designer,0 years,Neutral,On Site,Yes,Better salary/benefits,15000
01/01/2020,Senior Software Developer(Frontend),6.5 years,Satisfied,On Site,No,I am happy with my work role,160000
01/02/2023,Software Engineer,2.5 years,Satisfied,On Site,Yes,Better salary/benefits,60000
02/01/2023,Software Developer(Frontend),1.7 years,Dissatisfied,On Site,Yes,Better salary/benefits,12000
01/01/2022,IT Support Engineer,1.7 years,Satisfied,Remote,Yes,Better salary/benefits,41000
01/02/2022,Software Developer(Frontend),2.5 years,Satisfied,On Site,Yes,Better salary/benefits,50000
01/02/2022,Software Developer(Backend),2.5 years,Satisfied,On Site,Yes,Better salary/benefits,50000
01/02/2023,Software Developer(Backend),1.7 years,Satisfied,Remote,Yes,Better salary/benefits,100000
01/02/2023,Software Engineer(Backend),1.7 years,Satisfied,On Site,No,I am happy with my work role,45000
01/02/2022,Software Developer(Frontend),1.7 years,Satisfied,On Site,No,I am happy with my work role,30000
01/02/2022,Full Stack Developer,1.7 years,Satisfied,On Site,Yes,Better salary/benefits,55000
01/02/2023,Software Developer(Frontend),1.7 years,Satisfied,On Site,Yes,Better salary/benefits,62500
01/02/2022,Senior Software Developer(Backend),5.5 years,Satisfied,Remote,No,I am happy with my work role,115000
01/01/2022,Cloud Engineer,2.5 years,Neutral,On Site,Yes,Better salary/benefits,100000
01/01/2023,Software Quality Assurance Engineer,2.5 years,Satisfied,On Site,Yes,Better salary/benefits,85000
01/01/2022,Digital Marketing,1.7 years,Dissatisfied,On Site,Yes,Better salary/benefits,40000
01/02/2021,Digital Marketing,1.7 years,Dissatisfied,On Site,Yes,Better salary/benefits,70000
01/01/2023,Senior Software Developer(Backend),3.5 years,Satisfied,On Site,No,I am happy with my work role,80000
01/02/2022,EEE Engineer,1.7 years,Neutral,On Site,Yes,"Career Development, Salary and Benefits",30000
01/02/2022,Web Developer,1.7 years,Neutral,On Site,Yes,"Career Development, Salary and Benefits",32500
01/02/2022,Kernel Developer,1.7 years,Neutral,On Site,Yes,"Career Development, Salary and Benefits",20000
01/02/2021,IT Project Manager,2.5 years,Satisfied,On Site,Yes,Better salary/benefits,100000
01/03/2023,Senior Software Engineer(Backend),3.5 years,Satisfied,On Site,Yes,Better salary/benefits,60000
01/02/2022,Senior Software Developer(Frontend),4.5 years,Neutral,On Site,Yes,"Career Development, Salary and Benefits",80000
01/03/2023,DevOps Engineer,4.5 years,Satisfied,Remote,Yes,"Career Development, Salary and Benefits",55000
01/02/2021,IT Project Manager,6.5 years,Neutral,On Site,Yes,Better salary/benefits,110000
01/03/2023,Software Quality Assurance Engineer,0 years,Neutral,On Site,Yes,"Career Development, Salary and Benefits",8000
01/01/2024,Software Developer(Backend),0 years,Satisfied,On Site,Yes,Better salary/benefits,12000
01/01/2022,Software Developer(Frontend),1.7 years,Satisfied,On Site,Yes,"Career Development, Salary and Benefits",60000
01/01/2023,Web Developer,1.7 years,Neutral,On Site,Yes,Better salary/benefits,50000
01/02/2021,Senior Software Engineer(Backend),5.5 years,Neutral,On Site,Yes,Better salary/benefits,120000
01/02/2022,IT Support Engineer,1.7 years,Satisfied,On Site,Yes,Better salary/benefits,28000
01/01/2020,Software Developer(Backend),7.5 years,Satisfied,On Site,No,I am happy with my work role,125000
01/01/2023,Software Engineer,1.7 years,Satisfied,On Site,Yes,"Career Development, Salary and Benefits",27500
01/01/2023,Senior Software Engineer(Frontend,6.5 years,Satisfied,Remote,No,I am happy with my work role,200000
01/02/2023,Junior Software Developer(Frontend),1.7 years,Satisfied,Remote,Yes,"Career Development, Salary and Benefits",100000
01/02/2022,Software Developer(Backend),1.7 years,Satisfied,On Site,Yes,Better salary/benefits,35000
01/02/2022,Senior Software Developer(Backend),2.5 years,Satisfied,On Site,Yes,Better salary/benefits,115000
01/02/2021,Senior Software Developer(Frontend),4.5 years,Neutral,On Site,Yes,Better salary/benefits,80000
01/02/2022,Senior Software Engineer(Backend),6.5 years,Satisfied,On Site,Yes,"Career Development, Salary and Benefits",170000
01/02/2023,Software Developer(Frontend),2.5 years,Neutral,On Site,Yes,Better salary/benefits,40000
01/02/2022,Software Developer(Frontend),4.5 years,Neutral,On Site,Yes,Better salary/benefits,65000
01/02/2021,Software Engineer(Backend),1.7 years,Satisfied,On Site,No,I am happy with my work role,22000
01/02/2023,Software Developer(Backend),3.5 years,Satisfied,On Site,No,I am happy with my work role,105000
01/02/2022,Senior Software Developer(Backend),3.5 years,Satisfied,On Site,No,I am happy with my work role,105000
01/02/2022,DevOps Engineer,4.5 years,Dissatisfied,On Site,Yes,Better salary/benefits,55000
01/02/2021,Software Developer(Frontend),1.7 years,Neutral,On Site,Yes,Better salary/benefits,25000
01/02/2023,Full Stack Developer,3.5 years,Neutral,On Site,Yes,Better salary/benefits,45000
01/02/2024,IT Project Manager,2.5 years,Satisfied,Remote,Yes,Better salary/benefits,65000
01/02/2022,IT Project Manager,3.5 years,Satisfied,Remote,Yes,"Career Development, Salary and Benefits",90000
01/02/2023,Software Engineer (Frontend),3.5 years,Satisfied,On Site,No,I am happy with my work role,80000
01/02/2022,Software Developer(Backend),1.7 years,Neutral,On Site,Yes,Better salary/benefits,47500
01/02/2022,Full Stack Developer,2.5 years,Satisfied,On Site,Yes,"Career Development, Salary and Benefits",100000
01/02/2023,Software Developer(Backend),2.5 years,Satisfied,On Site,Yes,Better salary/benefits,70000
01/02/2023,Software Engineer(Backend),3.5 years,Satisfied,On Site,No,I am happy with my work role,90000
01/02/2021,Senior Software Developer(Backend),8.5 years,Satisfied,On Site,No,I am happy with my work role,150000
01/02/2022,Database Administrator (DBA),3.5 years,Satisfied,Hybrid,No,I am happy with my work role,100000
01/02/2023,Senior Software Engineer(Frontend,4.5 years,Satisfied,On Site,No,I am happy with my work role,200000
01/02/2023,Software Engineer(Backend),2.5 years,Satisfied,On Site,No,I am happy with my work role,135000
01/02/2022,Software Engineer,2.5 years,Neutral,On Site,Yes,Better salary/benefits,40000
01/02/2021,Software Developer(Frontend),1.7 years,Neutral,On Site,Yes,Better salary/benefits,32500
01/02/2022,Software Developer(Backend),0 years,Neutral,On Site,Yes,Better salary/benefits,12000
01/02/2023,Software Developer(Backend),3.5 years,Neutral,On Site,Yes,Better salary/benefits,75000
01/02/2023,Software Developer(Backend),3.5 years,Satisfied,On Site,Yes,Better salary/benefits,75000
01/02/2022,Software Developer(Backend),7.5 years,Dissatisfied,On Site,Yes,Better salary/benefits,145000
01/02/2021,Software Engineer(Backend),2.5 years,Satisfied,On Site,No,I am happy with my work role,140000
01/02/2022,Technical Project Manager,5.5 years,Satisfied,Remote,Yes,Better salary/benefits,140000
01/02/2023,Database Administrator (DBA),5.5 years,Neutral,On Site,No,I am happy with my work role,190000
01/02/2022,Full Stack Developer,1.7 years,Neutral,On Site,Yes,Better salary/benefits,60000
01/02/2021,Software Developer(Frontend),1.7 years,Satisfied,On Site,No,I am happy with my work role,60000
01/02/2022,Software Engineer,2.5 years,Satisfied,On Site,No,I am happy with my work role,100000
01/02/2022,Software Developer(Backend),1.7 years,Satisfied,On Site,No,I am happy with my work role,42500
01/02/2023,Software Developer(Frontend),2.5 years,Satisfied,On Site,Yes,Better salary/benefits,60000
01/02/2020,Software Developer(Frontend),1.7 years,Satisfied,On Site,Yes,"Career Development, Salary and Benefits",30000
01/02/2021,Digital Marketing,2.5 years,Satisfied,On Site,Yes,Better salary/benefits,40000
01/02/2022,Senior Software Developer(Backend),4.5 years,Satisfied,Remote,No,I am happy with my work role,150000
01/02/2023,Web Developer,2.5 years,Neutral,On Site,Yes,"Career Development, Salary and Benefits",30000
01/02/2020,Technical Project Manager,4.5 years,Dissatisfied,On Site,Yes,Better salary/benefits,70000
01/02/2021,Junior Software Developer(Backend),0 years,Neutral,On Site,Yes,Better salary/benefits,15000
01/02/2022,Technical Project Manager,0 years,Satisfied,On Site,Yes,Better salary/benefits,20000
01/02/2024,Graphic Designer,1.7 years,Satisfied,On Site,No,I am happy with my work role,60000
01/02/2021,Software Developer(Backend),0 years,Dissatisfied,Remote,Yes,"Career Development, Salary and Benefits",5000
01/02/2022,Software Developer(Backend),2.5 years,Dissatisfied,On Site,Yes,Better salary/benefits,60000
01/02/2023,Senior Software Engineer(Frontend,3.5 years,Satisfied,Remote,Yes,Better salary/benefits,70000
02/01/2023,Software Quality Assurance Engineer,1.7 years,Satisfied,On Site,Yes,Better salary/benefits,50000
01/02/2022,Software Developer(Frontend),2.5 years,Satisfied,On Site,Yes,Better salary/benefits,80000
01/02/2024,Software Quality Assurance Engineer,0 years,Neutral,On Site,Yes,"Career Development, Salary and Benefits",7000
01/02/2023,Software Developer(Backend),3.5 years,Satisfied,On Site,No,I am happy with my work role,80000
02/01/2022,Software Developer(Frontend),3.5 years,Satisfied,On Site,Yes,Better salary/benefits,26000
01/02/2023,Full Stack Developer,1.7 years,Satisfied,Remote,Yes,Better salary/benefits,75000
01/02/2022,Full Stack Developer,5.5 years,Satisfied,Remote,Yes,Better salary/benefits,110000
1/3/2022,Junior Software Developer(Backend),0 years,Neutral,Hybrid,Yes,Better salary/benefits,17500
4/14/2024,Junior Software Developer(Backend),0 years,Neutral,On Site,Yes,Better salary/benefits,17500
1/6/0004,Student,0.7 years,Very dissatisfied,Remote,Yes,Better salary/benefits,15000
6/1/2023,Data Analyst,1.5 years,Neutral,On Site,Yes,Seeking better work-life balance,17500
3/8/2022,Senior Software Developer,1.5 years,Satisfied,Remote,No,I am happy with my work role,45000
4/11/2024,Junior Software Developer(Backend),0.7 years,Neutral,On Site,Yes,Better salary/benefits,35000
4/14/2024,Junior Software Developer(Backend),0 years,Dissatisfied,On Site,Yes,Better salary/benefits,17500
4/14/2024,Junior Software Developer(Backend),0.7 years,Neutral,On Site,Yes,Better salary/benefits,17500
4/14/2024,Student,0 years,Neutral,On Site,Yes,Better salary/benefits,15000
11/20/2023,Junior Software Developer(Backend),0 years,Neutral,On Site,Yes,Career advancement opportunities,25000
3/7/2024,Data Analyst,0 years,Satisfied,Remote,Yes,Better salary/benefits,25000
3/2/2025,Junior Software Developer(Backend),0.7 years,Satisfied,Hybrid,Yes,Better salary/benefits,35000
1/11/2024,Data Analyst,0 years,Neutral,Remote,Yes,Career advancement opportunities,17500
1/1/2024,Junior Software Developer(Backend),0 years,Neutral,On Site,Yes,Better salary/benefits,17500
1/1/2024,Junior Software Developer(Backend),0 years,Dissatisfied,On Site,Yes,Seeking better work-life balance,17500
1/1/2022,jr. ML Engineer,1.5 years,Satisfied,On Site,No,I am happy with my work role,35000
6/1/2023,Junior Software Engineer,1.5 years,Satisfied,On Site,No,I am happy with my work role,35000
1/2/2024,Junior Software Developer(Backend),0.7 years,Neutral,Hybrid,Yes,Better salary/benefits,17500
1/1/2024,Student,0.7 years,Satisfied,On Site,Yes,Career advancement opportunities,10000
4/14/2024,Junior Software Engineer,0 years,Dissatisfied,On Site,Yes,Career advancement opportunities,17500
4/14/2024,Student,0 years,Dissatisfied,On Site,Yes,Better salary/benefits,17500
4/1/2023,Data Analyst,1.5 years,Neutral,Hybrid,Yes,Career advancement opportunities,17500
12/2/2020,Sr. ML Engineer,0 years,Satisfied,On Site,Yes,Career advancement opportunities,55000
2/1/2017,Senior Software Engineer,0 years,Satisfied,On Site,Yes,Seeking better work-life balance,65000
12/15/2022,Junior Software Engineer,1.7 years,Neutral,On Site,Yes,Better salary/benefits,35000
6/30/2017,Senior Software Engineer,0 years,Satisfied,On Site,Yes,Seeking better work-life balance,85000
6/1/2022,jr. ML Engineer,1.5 years,Dissatisfied,On Site,Yes,Better salary/benefits,25000
12/5/2021,jr. ML Engineer,2.5 years,Dissatisfied,On Site,Yes,Dissatisfaction with previous job role/environment,35000
11/22/2022,Junior Software Engineer,1.7 years,Very dissatisfied,On Site,Yes,Dissatisfaction with previous job role/environment,25000
3/5/2020,Senior Software Engineer,0 years,Satisfied,On Site,Yes,Relocation/move to a different city,110000
3/5/2023,Data Analyst,0 years,Neutral,On Site,Yes,Better salary/benefits,25000
12/31/2023,jr. ML Engineer,0 years,Neutral,On Site,Yes,Career advancement opportunities,17500
4/1/2019,Data Scientist,0 years,Dissatisfied,On Site,Yes,Better salary/benefits,35000
7/7/2019,Data Scientist,0 years,Dissatisfied,On Site,Yes,Better salary/benefits,35000
8/2/2020,Cybersecurity Specialist,0 years,Neutral,On Site,Yes,Career advancement opportunities,45000
4/3/2022,Software QA Engineer,0.7 years,Neutral,On Site,Yes,Better salary/benefits,25000
2/1/2020,Software Engineer,0 years,Satisfied,On Site,Yes,Career advancement opportunities,55000
6/4/2023,Junior Software Engineer,0.7 years,Neutral,On Site,Yes,Better salary/benefits,25000
7/4/2021,Senior Software Engineer,7.5 years,Neutral,On Site,Yes,Better salary/benefits,95000
7/2/2023,Jr. Software QA Engineer,0.7 years,Satisfied,On Site,Yes,Better salary/benefits,25000
3/1/2020,CEO,8.5 years,Satisfied,Hybrid,No,I am happy with my work role,100000
2/1/2021,UI-UX Designer,2.5 years,Satisfied,Hybrid,No,I am happy with my work role,55000
3/3/2024,Cybersecurity Specialist,0 years,Very satisfied,On Site,Yes,Better salary/benefits,45000
7/2/2023,Junior Software Engineer,0 years,Satisfied,On Site,Yes,Better salary/benefits,25000
1/1/2018,Senior Software Engineer,8.5 years,Satisfied,Hybrid,Yes,Relocation/move to a different city,125000
11/1/2022,UI-UX Designer,1.5 years,Very dissatisfied,On Site,Yes,Dissatisfaction with previous job role/environment,17500
6/1/2023,Data Scientist,0 years,Dissatisfied,On Site,Yes,Better salary/benefits,25000
6/1/2023,Software Engineer,0 years,Neutral,On Site,Yes,Better salary/benefits,45000
1/1/2022,jr. ML Engineer,1.7 years,Satisfied,On Site,Yes,Career advancement opportunities,35000
6/1/2019,Mobile App Developer,0 years,Satisfied,Remote,Yes,Seeking better work-life balance,150000
1/1/2021,UI-UX Designer,0 years,Satisfied,Remote,No,I am happy with my work role,150000
8/1/2023,Data Scientist,1.7 years,Very satisfied,On Site,Yes,Seeking better work-life balance,35000
1/1/2021,Junior Software Developer(Backend),0 years,Satisfied,Remote,Yes,Better salary/benefits,35000
3/1/2020,Junior Software Developer(Backend),2.5 years,Satisfied,Remote,No,I am happy with my work role,65000
2/1/2017,Senior Software Developer,0 years,Satisfied,Remote,Yes,Better salary/benefits,125000
1/16/2024,Junior Software Engineer,0 years,Dissatisfied,On Site,Yes,Better salary/benefits,13000
6/3/2018,Data Analyst,0 years,Satisfied,On Site,Yes,Better salary/benefits,55000
3/1/2021,Cybersecurity Specialist,0 years,Dissatisfied,On Site,Yes,Dissatisfaction with previous job role/environment,35000
7/1/2021,Sr. ML Engineer,2.5 years,Dissatisfied,On Site,Yes,Seeking better work-life balance,35000
4/15/2024,Technical support,0 years,Dissatisfied,On Site,Yes,Career advancement opportunities,175000
2/7/2024,Junior Software Developer(Backend),0 years,Neutral,Hybrid,Yes,Career advancement opportunities,35000
1/1/2024,Research Assistant,0.7 years,Satisfied,Hybrid,Yes,Career advancement opportunities,17500
9/12/2023,Graphics Designer,0.7 years,Satisfied,On Site,Yes,Career advancement opportunities,13000
6/9/2023,Jr. SQA Engineer,0.7 years,Satisfied,On Site,Yes,Career advancement opportunities,25000
6/15/2023,Junior Software Developer(Backend),0 years,Satisfied,On Site,Yes,Better salary/benefits,17500
6/17/2022,Junior Software Engineer,0.7 years,Satisfied,On Site,No,I am happy with my work role,25000
5/15/2021,Senior Software Developer,0 years,Very satisfied,On Site,No,I am happy with my work role,55000
8/15/2023,Senior Software Engineer,2.5 years,Satisfied,On Site,No,I am happy with my work role,45000
2/11/2012,Senior Software Developer,0 years,Satisfied,Remote,Yes,Career advancement opportunities,75000
10/12/2023,Junior Software Engineer,0.7 years,Neutral,On Site,Yes,Better salary/benefits,17500
9/23/2020,Senior Software Engineer,0 years,Neutral,On Site,Yes,Career advancement opportunities,55000
2/3/2023,Junior Software Engineer,1.5 years,Neutral,On Site,Yes,Career advancement opportunities,45000
4/7/2022,Data Analyst,2.5 years,Dissatisfied,Hybrid,Yes,Seeking better work-life balance,35000
2/3/2020,Cybersecurity Specialist,0 years,Satisfied,On Site,Yes,Better salary/benefits,95000
2/5/2021,jr. ML Engineer,0 years,Neutral,On Site,No,I am happy with my work role,55000
4/4/2021,Junior Software Engineer,0.7 years,Neutral,Hybrid,Yes,Better salary/benefits,45000
4/3/2022,Data Scientist,1.5 years,Satisfied,On Site,Yes,Seeking better work-life balance,35000
7/20/1998,Junior Software Developer(Backend),0 years,Satisfied,On Site,No,I am happy with my work role,35000
12/6/2017,Cybersecurity Specialist,0 years,Satisfied,Hybrid,Yes,Career advancement opportunities,95000
3/7/2024,jr. ML Engineer,0 years,Neutral,Remote,Yes,Seeking better work-life balance,45000
4/1/2020,Sr. ML Engineer,0 years,Satisfied,Remote,Yes,Better salary/benefits,65000
8/6/2015,Cybersecurity Specialist,0 years,Satisfied,Hybrid,No,I am happy with my work role,110000
10/12/2021,Junior Software Engineer,2.5 years,Neutral,Hybrid,Yes,Career advancement opportunities,55000
9/3/2023,Junior Software Developer(Backend),0.7 years,Dissatisfied,Remote,Yes,Better salary/benefits,17500
4/16/2024,UI/UX Designer,0 years,Very satisfied,On Site,Yes,Seeking better work-life balance,45000
3/3/2019,UI/UX Designer,0 years,Very satisfied,On Site,Yes,Seeking better work-life balance,45000
9/21/2022,Senior Software Engineer,2.5 years,Neutral,On Site,Yes,Dissatisfaction with previous job role/environment,55000
1/1/2024,Research Assistant,0 years,Satisfied,Hybrid,Yes,Career advancement opportunities,12000
7/2/2022,Lab Instructor,1.7 years,Satisfied,On Site,Yes,Better salary/benefits,25000
1/8/2020,Sr. ML Engineer,0 years,Satisfied,Hybrid,Yes,Seeking better work-life balance,65000
8/1/2022,Senior Software Engineer,0 years,Satisfied,On Site,Yes,Relocation/move to a different city,65000
1/2/2022,Cybersecurity Specialist,0.7 years,Satisfied,On Site,No,I am happy with my work role,55000
1/6/2021,Sr. ML Engineer,2.5 years,Satisfied,On Site,No,I am happy with my work role,70000
1/2/2023,Senior Software Engineer,0 years,Very satisfied,Hybrid,No,I am happy with my work role,70000
1/2/2022,Sr. ML Engineer,2.5 years,Very satisfied,Remote,Yes,Relocation/move to a different city,35000
2/2/2019,Junior Software Engineer,0 years,Very satisfied,On Site,Yes,Career advancement opportunities,75000
10/2/2021,Senior Software Engineer,0 years,Satisfied,On Site,Yes,Better salary/benefits,55000
1/22/2023,Senior Software Engineer,0 years,Very satisfied,On Site,No,I am happy with my work role,55000
8/1/2019,Senior Software Engineer,7.5 years,Very satisfied,On Site,No,I am happy with my work role,110000
7/3/2022,Senior Software Engineer,0 years,Dissatisfied,On Site,Yes,Better salary/benefits,45000
1/15/2023,Junior Software Engineer,0.7 years,Very dissatisfied,On Site,Yes,Dissatisfaction with previous job role/environment,17500
2/1/2022,Data Analyst,1.5 years,Very dissatisfied,On Site,Yes,Better salary/benefits,25000
8/1/2023,jr. ML Engineer,0 years,Dissatisfied,On Site,No,I am happy with my work role,25000
10/1/2021,Data Analyst,0 years,Neutral,On Site,Yes,Better salary/benefits,35000
8/1/2023,Data Analyst,0 years,Very dissatisfied,On Site,Yes,Better salary/benefits,15000
2/1/2022,Cybersecurity Specialist,0.7 years,Neutral,Hybrid,Yes,Better salary/benefits,35000
5/1/2023,Junior Software Developer(Backend),0 years,Dissatisfied,Hybrid,Yes,Better salary/benefits,17500
7/1/2018,Senior Software Engineer,0 years,Very dissatisfied,On Site,Yes,Better salary/benefits,35000
4/3/2022,Data Analyst,2.5 years,Satisfied,Remote,Yes,Career advancement opportunities,85000
12/8/2022,Senior Software Engineer,0 years,Very satisfied,Remote,Yes,Relocation/move to a different city,110000
5/1/2023,Junior Software Developer(Backend),0 years,Very dissatisfied,On Site,Yes,Better salary/benefits,12500
3/1/2021,Data Scientist,0 years,Satisfied,Remote,No,I am happy with my work role,110000
9/4/2021,Data Scientist,1.7 years,Satisfied,On Site,Yes,Career advancement opportunities,45000
9/1/2022,Data Scientist,1.7 years,Very dissatisfied,On Site,Yes,Better salary/benefits,35000
1/1/2024,Data Analyst,1.5 years,Satisfied,On Site,Yes,Better salary/benefits,35000
2/1/2022,Senior Software Developer,2.5 years,Neutral,Remote,No,I am happy with my work role,75000
3/1/2017,Sr. ML Engineer,0 years,Satisfied,Remote,No,I am happy with my work role,95000
5/31/2022,Senior Software Developer,2.5 years,Neutral,Remote,No,I am happy with my work role,65000
6/1/2015,Senior Software Engineer,10.5 years,Very satisfied,Remote,No,I am happy with my work role,110000
11/5/2015,Senior Software Engineer,10.5 years,Very satisfied,Remote,No,I am happy with my work role,110000
1/1/2019,Senior Software Engineer,0 years,Neutral,Remote,No,I am happy with my work role,85000
6/1/2022,Senior Software Engineer,0 years,Dissatisfied,On Site,Yes,Better salary/benefits,75000
10/13/2015,Sr. ML Engineer,0 years,Satisfied,Remote,No,I am happy with my work role,110000
3/1/2018,Senior Software Engineer,7.5 years,Very satisfied,Remote,No,I am happy with my work role,110000
11/2/2020,Senior Software Developer,0 years,Neutral,On Site,No,I am happy with my work role,45000
11/11/2018,Senior Software Engineer,0 years,Satisfied,On Site,No,I am happy with my work role,75000
1/1/2021,Senior Software Engineer,0 years,Neutral,On Site,Yes,Better salary/benefits,55000
11/1/2019,Sr. ML Engineer,0 years,Very satisfied,On Site,No,I am happy with my work role,85000
1/1/2018,Senior Software Engineer,0 years,Satisfied,On Site,No,I am happy with my work role,95000
2/2/2023,jr. ML Engineer,0.7 years,Neutral,On Site,Yes,Better salary/benefits,25000
1/1/2021,Data Analyst,0 years,Satisfied,Hybrid,No,I am happy with my work role,45000
1/1/2016,Senior Software Engineer,8.5 years,Very satisfied,Remote,No,I am happy with my work role,110000
1/2/2020,Senior Software Engineer,0 years,Satisfied,On Site,No,I am happy with my work role,65000
11/1/2022,Cybersecurity Specialist,1.7 years,Neutral,On Site,Yes,Better salary/benefits,35000
6/14/2018,Data Scientist,0 years,Neutral,Remote,No,I am happy with my work role,65000
1/4/2024,Data Scientist,0 years,Neutral,On Site,Yes,Career advancement opportunities,35000
1/1/2022,Software Engineer,2.5 years,Dissatisfied,On Site,Yes,Better salary/benefits,45000
4/11/2022,Data Scientist,0.7 years,Neutral,Remote,Yes,Better salary/benefits,25000
1/2/2023,Junior Software Developer(Backend),0.7 years,Neutral,Remote,Yes,Relocation/move to a different city,35000
7/17/2021,Cybersecurity Specialist,0 years,Satisfied,Hybrid,Yes,Better salary/benefits,75000
5/19/2022,Cybersecurity Specialist,2.5 years,Neutral,Remote,Yes,Better salary/benefits,45000
1/2/2019,Software Engineer,0 years,Very dissatisfied,On Site,Yes,Dissatisfaction with previous job role/environment,35000
8/8/2017,Cybersecurity Specialist,0 years,Satisfied,Hybrid,No,I am happy with my work role,110000
4/15/2021,Cybersecurity Specialist,2.5 years,Satisfied,Hybrid,No,I am happy with my work role,95000
1/17/2024,Junior Software Engineer,0.7 years,Satisfied,On Site,Yes,Better salary/benefits,55000
3/1/2018,Senior Software Engineer,0 years,Neutral,On Site,Yes,Better salary/benefits,55000
3/1/2023,Senior Software Engineer,0 years,Very satisfied,On Site,Yes,Career advancement opportunities,55000
4/15/2023,Senior Software Developer,0 years,Neutral,Hybrid,Yes,Better salary/benefits,45000
10/1/2022,Sr. ML Engineer,2.5 years,Very satisfied,On Site,Yes,Career advancement opportunities,55000
2/1/2023,Junior Software Engineer,0 years,Satisfied,Hybrid,No,I am happy with my work role,20000
6/1/2021,Data Scientist,1.7 years,Satisfied,Remote,No,I am happy with my work role,45000
1/1/2020,Senior Software Engineer,0 years,Satisfied,On Site,No,I am happy with my work role,110000
7/1/2021,Cybersecurity Specialist,0 years,Dissatisfied,On Site,Yes,Better salary/benefits,45000
1/1/2024,Junior Software Developer(Backend),0 years,Neutral,On Site,Yes,Better salary/benefits,85000
12/10/2023,Junior Software Developer(Backend),0 years,Satisfied,On Site,No,I am happy with my work role,19000
03/01/2022,Data Scientist,2.5 years,Satisfied,Remote,Yes,Better salary/benefits,50000
02/06/2022,Data Scientist,2.5 years,Satisfied,On Site,Yes,"Career Development, Salary and Benefits",115000
01/03/2021,Senior Software Engineer(Backend),2.5 years,Very satisfied,On Site,No,I am happy with my work role,100000
03/08/2021,Software Developer(Backend),2.5 years,Satisfied,On Site,Yes,Seeking better work-life balance,47000
09/10/2023,Web Developer,1.7 years,Satisfied,On Site,Yes,"Career Development, Salary and Benefits",45000
04/04/2021,Software Engineer(Backend),3.5 years,Satisfied,On Site,Yes,Better salary/benefits,80000
07/03/2023,Web Developer,1.7 years,Neutral,On Site,Yes,"Career Development, Salary and Benefits",42000
02/09/2023,Full Stack Developer,1.7 years,Neutral,Remote,Yes,Seeking better work-life balance,65000
05/24/2020,Software Developer(Frontend),3.5 years,Satisfied,On Site,Yes,Career advancement opportunities,90000
04/08/2018,Software Engineer,5.5 years,Very satisfied,Remote,No,I am happy with my work role,190000
11/12/2020,Software Engineer,4.5 years,Satisfied,Remote,Yes,Better salary/benefits,145000
01/11/2022,Graphic Designer,1.7 years,Neutral,Remote,No,I am happy with my work role,37000
03/05/2023,Web Developer,0 years,Neutral,On Site,Yes,"Career Development, Salary and Benefits",18500
04/04/2023,Web Developer,0 years,Neutral,On Site,Yes,"Career Development, Salary and Benefits",20000
01/12/2022,Graphic Designer,1.7 years,Neutral,On Site,Yes,Better salary/benefits,24000
05/09/2023,Digital Marketing,0 years,Neutral,On Site,Yes,"Career Development, Salary and Benefits",7000
01/11/2022,Software Quality Assurance Engineer,5.5 years,Neutral,On Site,Yes,Better salary/benefits,135000
01/02/2023,Software Engineer(Backend),1.7 years,Satisfied,On Site,Yes,Better salary/benefits,40000
01/01/2023,Software Engineer(Backend),3.5 years,Satisfied,On Site,Yes,Career advancement opportunities,70000
01/01/2022,Software Developer(Frontend),1.7 years,Satisfied,On Site,Yes,Better salary/benefits,55000
01/01/2023,Web Developer,0 years,Satisfied,Remote,Yes,Career advancement opportunities,15000
03/03/2019,UI/UX Designer,3.5 years,Very satisfied,On Site,Yes,Seeking better work-life balance,45000
09/21/2022,Senior Software Engineer,2.5 years,Neutral,On Site,Yes,Dissatisfaction with previous job role/environment,55000
01/01/2024,Research Assistant,0 years,Satisfied,Hybrid,Yes,Career advancement opportunities,12000
07/02/2022,Lab Instructor,1.7 years,Satisfied,On Site,Yes,Better salary/benefits,25000
01/08/2020,Sr. ML Engineer,3.5 years,Satisfied,Hybrid,Yes,Seeking better work-life balance,65000
08/01/2022,Senior Software Engineer,4.5 years,Satisfied,On Site,Yes,Relocation/move to a different city,65000
01/02/2022,Cybersecurity Specialist,0.7 years,Satisfied,On Site,No,I am happy with my work role,55000
01/06/2021,Sr. ML Engineer,2.5 years,Satisfied,On Site,No,I am happy with my work role,70000
01/02/2023,Senior Software Engineer,0 years,Very satisfied,Hybrid,No,I am happy with my work role,70000
01/02/2022,Sr. ML Engineer,2.5 years,Very satisfied,Remote,Yes,Relocation/move to a different city,35000
02/02/2019,Junior Software Engineer,0 years,Very satisfied,On Site,Yes,Career advancement opportunities,75000
10/02/2021,Senior Software Engineer,0 years,Satisfied,On Site,Yes,Better salary/benefits,55000
01/22/2023,Senior Software Engineer,0 years,Very satisfied,On Site,No,I am happy with my work role,55000
08/01/2019,Senior Software Engineer,7.5 years,Very satisfied,On Site,No,I am happy with my work role,110000
07/03/2022,Senior Software Engineer,0 years,Dissatisfied,On Site,Yes,Better salary/benefits,45000
01/15/2023,Junior Software Engineer,0.7 years,Very dissatisfied,On Site,Yes,Dissatisfaction with previous job role/environment,17500
02/01/2022,Data Analyst,1.5 years,Very dissatisfied,On Site,Yes,Better salary/benefits,25000
08/01/2023,jr. ML Engineer,0 years,Dissatisfied,On Site,No,I am happy with my work role,25000
10/01/2021,Data Analyst,0 years,Neutral,On Site,Yes,Better salary/benefits,35000
08/01/2023,Data Analyst,0 years,Very dissatisfied,On Site,Yes,Better salary/benefits,15000
02/01/2022,Cybersecurity Specialist,0.7 years,Neutral,Hybrid,Yes,Better salary/benefits,35000
05/01/2023,Junior Software Developer(Backend),0 years,Dissatisfied,Hybrid,Yes,Better salary/benefits,17500
07/01/2018,Senior Software Engineer,0 years,Very dissatisfied,On Site,Yes,Better salary/benefits,35000
04/03/2022,Data Analyst,2.5 years,Satisfied,Remote,Yes,Career advancement opportunities,85000
12/8/2022,Senior Software Engineer,0 years,Very satisfied,Remote,Yes,Relocation/move to a different city,110000
05/01/2023,Junior Software Developer(Backend),0 years,Very dissatisfied,On Site,Yes,Better salary/benefits,12500
03/01/2021,Data Scientist,0 years,Satisfied,Remote,No,I am happy with my work role,110000
09/04/2021,Data Scientist,1.7 years,Satisfied,On Site,Yes,Career advancement opportunities,45000
09/01/2022,Data Scientist,1.7 years,Very dissatisfied,On Site,Yes,Better salary/benefits,35000
01/01/2024,Data Analyst,1.5 years,Satisfied,On Site,Yes,Better salary/benefits,35000
02/01/2022,Senior Software Developer,2.5 years,Neutral,Remote,No,I am happy with my work role,75000
03/01/2017,Sr. ML Engineer,0 years,Satisfied,Remote,No,I am happy with my work role,95000
05/31/2022,Senior Software Developer,2.5 years,Neutral,Remote,No,I am happy with my work role,65000
06/01/2015,Senior Software Engineer,10.5 years,Very satisfied,Remote,No,I am happy with my work role,110000
11/5/2015,Senior Software Engineer,10.5 years,Very satisfied,Remote,No,I am happy with my work role,110000
01/01/2019,Senior Software Engineer,0 years,Neutral,Remote,No,I am happy with my work role,85000
06/01/2022,Senior Software Engineer,0 years,Dissatisfied,On Site,Yes,Better salary/benefits,75000
10/13/2015,Sr. ML Engineer,0 years,Satisfied,Remote,No,I am happy with my work role,110000
3/1/2018,Senior Software Engineer,7.5 years,Very satisfied,Remote,No,I am happy with my work role,110000
11/2/2020,Senior Software Developer,0 years,Neutral,On Site,No,I am happy with my work role,45000
11/11/2018,Senior Software Engineer,0 years,Satisfied,On Site,No,I am happy with my work role,75000
01/01/2021,Senior Software Engineer,0 years,Neutral,On Site,Yes,Better salary/benefits,55000
11/1/2019,Sr. ML Engineer,0 years,Very satisfied,On Site,No,I am happy with my work role,85000
01/01/2018,Senior Software Engineer,0 years,Satisfied,On Site,No,I am happy with my work role,95000
02/02/2023,jr. ML Engineer,0.7 years,Neutral,On Site,Yes,Better salary/benefits,25000
01/01/2021,Data Analyst,0 years,Satisfied,Hybrid,No,I am happy with my work role,45000
01/01/2016,Senior Software Engineer,8.5 years,Very satisfied,Remote,No,I am happy with my work role,110000
01/02/2020,Senior Software Engineer,0 years,Satisfied,On Site,No,I am happy with my work role,65000
11/1/2022,Cybersecurity Specialist,1.7 years,Neutral,On Site,Yes,Better salary/benefits,35000
6/14/2018,Data Scientist,0 years,Neutral,Remote,No,I am happy with my work role,65000
1/4/2024,Data Scientist,0 years,Neutral,On Site,Yes,Career advancement opportunities,35000
1/1/2022,Software Engineer,2.5 years,Dissatisfied,On Site,Yes,Better salary/benefits,45000
4/11/2022,Data Scientist,0.7 years,Neutral,Remote,Yes,Better salary/benefits,25000
1/2/2023,Junior Software Developer(Backend),0.7 years,Neutral,Remote,Yes,Relocation/move to a different city,35000
7/17/2021,Cybersecurity Specialist,0 years,Satisfied,Hybrid,Yes,Better salary/benefits,75000
5/19/2022,Cybersecurity Specialist,2.5 years,Neutral,Remote,Yes,Better salary/benefits,45000
1/2/2019,Software Engineer,0 years,Very dissatisfied,On Site,Yes,Dissatisfaction with previous job role/environment,35000
8/8/2017,Cybersecurity Specialist,0 years,Satisfied,Hybrid,No,I am happy with my work role,110000
4/15/2021,Cybersecurity Specialist,2.5 years,Satisfied,Hybrid,No,I am happy with my work role,95000
1/17/2024,Junior Software Engineer,0.7 years,Satisfied,On Site,Yes,Better salary/benefits,55000
3/1/2018,Senior Software Engineer,0 years,Neutral,On Site,Yes,Better salary/benefits,55000
3/1/2023,Senior Software Engineer,0 years,Very satisfied,On Site,Yes,Career advancement opportunities,55000
4/15/2023,Senior Software Developer,0 years,Neutral,Hybrid,Yes,Better salary/benefits,45000
10/1/2022,Sr. ML Engineer,2.5 years,Very satisfied,On Site,Yes,Career advancement opportunities,55000
2/1/2023,Junior Software Engineer,0 years,Satisfied,Hybrid,No,I am happy with my work role,20000
6/1/2021,Data Scientist,1.7 years,Satisfied,Remote,No,I am happy with my work role,45000
1/1/2020,Senior Software Engineer,0 years,Satisfied,On Site,No,I am happy with my work role,110000
7/1/2021,Cybersecurity Specialist,0 years,Dissatisfied,On Site,Yes,Better salary/benefits,45000
1/1/2024,Junior Software Developer(Backend),0 years,Neutral,On Site,Yes,Better salary/benefits,85000
9/10/2023,Junior Software Developer(Backend),0 years,Neutral,On Site,Yes,"Career Development, Salary and Benefits",15000
6/1/2021,Senior Software Engineer,0 years,Neutral,On Site,No,I am happy with my work role,75000
1/1/2022,Software Engineer,2.5 years,Dissatisfied,On Site,Yes,Better salary/benefits,45000
3/1/2023,Junior Software Engineer,0 years,Neutral,Remote,Yes,"Career Development, Salary and Benefits",35000
1/1/2021,Cybersecurity Specialist,1.7 years,Satisfied,Hybrid,Yes,Better salary/benefits,35000
11/1/2022,Senior Software Engineer,0 years,Neutral,On Site,No,I am happy with my work role,55000
6/14/2018,Data Scientist,0 years,Neutral,Remote,No,I am happy with my work role,65000
1/4/2024,Data Scientist,0 years,Neutral,On Site,Yes,Career advancement opportunities,35000
1/1/2022,Software Engineer,2.5 years,Dissatisfied,On Site,Yes,Better salary/benefits,45000
4/11/2022,Data Scientist,0.7 years,Neutral,Remote,Yes,Better salary/benefits,25000
1/2/2023,Junior Software Developer(Backend),0.7 years,Neutral,Remote,Yes,Relocation/move to a different city,35000
7/17/2021,Cybersecurity Specialist,0 years,Satisfied,Hybrid,Yes,Better salary/benefits,75000
5/19/2022,Cybersecurity Specialist,2.5 years,Neutral,Remote,Yes,Better salary/benefits,45000
1/2/2019,Software Engineer,0 years,Very dissatisfied,On Site,Yes,Dissatisfaction with previous job role/environment,35000
8/8/2017,Cybersecurity Specialist,0 years,Satisfied,Hybrid,No,I am happy with my work role,110000
4/15/2021,Cybersecurity Specialist,2.5 years,Satisfied,Hybrid,No,I am happy with my work role,95000
1/17/2024,Junior Software Engineer,0.7 years,Satisfied,On Site,Yes,Better salary/benefits,55000
3/1/2018,Senior Software Engineer,0 years,Neutral,On Site,Yes,Better salary/benefits,55000
3/1/2023,Senior Software Engineer,0 years,Very satisfied,On Site,Yes,Career advancement opportunities,55000
4/15/2023,Senior Software Developer,0 years,Neutral,Hybrid,Yes,Better salary/benefits,45000
10/1/2022,Sr. ML Engineer,2.5 years,Very satisfied,On Site,Yes,Career advancement opportunities,55000
2/1/2023,Junior Software Engineer,0 years,Satisfied,Hybrid,No,I am happy with my work role,20000
6/1/2021,Data Scientist,1.7 years,Satisfied,Remote,No,I am happy with my work role,45000
1/1/2020,Senior Software Engineer,0 years,Satisfied,On Site,No,I am happy with my work role,110000
7/1/2021,Cybersecurity Specialist,0 years,Dissatisfied,On Site,Yes,Better salary/benefits,45000
1/1/2024,Junior Software Developer(Backend),0 years,Neutral,On Site,Yes,Better salary/benefits,85000
9/10/2023,Junior Software Developer(Backend),0 years,Neutral,On Site,Yes,"Career Development, Salary and Benefits",15000
6/1/2021,Senior Software Engineer,0 years,Neutral,On Site,No,I am happy with my work role,75000
1/1/2022,Software Engineer,2.5 years,Dissatisfied,On Site,Yes,Better salary/benefits,45000
3/1/2023,Junior Software Engineer,0 years,Neutral,Remote,Yes,"Career Development, Salary and Benefits",35000
1/1/2021,Cybersecurity Specialist,1.7 years,Satisfied,Hybrid,Yes,Better salary/benefits,35000
11/1/2022,Senior Software Engineer,0 years,Neutral,On Site,No,I am happy with my work role,55000
6/14/2018,Data Scientist,0 years,Neutral,Remote,No,I am happy with my work role,65000
1/4/2024,Data Scientist,0 years,Neutral,On Site,Yes,Career advancement opportunities,35000
1/1/2022,Software Engineer,2.5 years,Dissatisfied,On Site,Yes,Better salary/benefits,45000
4/11/2022,Data Scientist,0.7 years,Neutral,Remote,Yes,Better salary/benefits,25000
1/2/2023,Junior Software Developer(Backend),0.7 years,Neutral,Remote,Yes,Relocation/move to a different city,35000
7/17/2021,Cybersecurity Specialist,0 years,Satisfied,Hybrid,Yes,Better salary/benefits,75000
5/19/2022,Cybersecurity Specialist,2.5 years,Neutral,Remote,Yes,Better salary/benefits,45000
1/2/2019,Software Engineer,0 years,Very dissatisfied,On Site,Yes,Dissatisfaction with previous job role/environment,35000
8/8/2017,Cybersecurity Specialist,0 years,Satisfied,Hybrid,No,I am happy with my work role,110000
4/15/2021,Cybersecurity Specialist,2.5 years,Satisfied,Hybrid,No,I am happy with my work role,95000
1/17/2024,Junior Software Engineer,0.7 years,Satisfied,On Site,Yes,Better salary/benefits,55000
3/1/2018,Senior Software Engineer,0 years,Neutral,On Site,Yes,Better salary/benefits,55000
3/1/2023,Senior Software Engineer,0 years,Very satisfied,On Site,Yes,Career advancement opportunities,55000
4/15/2023,Senior Software Developer,0 years,Neutral,Hybrid,Yes,Better salary/benefits,45000
10/1/2022,Sr. ML Engineer,2.5 years,Very satisfied,On Site,Yes,Career advancement opportunities,55000
2/1/2023,Junior Software Engineer,0 years,Satisfied,Hybrid,No,I am happy with my work role,20000
6/1/2021,Data Scientist,1.7 years,Satisfied,Remote,No,I am happy with my work role,45000
